0	数据/00-数据归档条目测试长名字甲乙丙丁戊己庚辛壬癸目录层级前缀后缀填充数据归档条目测试长	7266	824	5330	1532323b	1
1	数据/01-数据归档条目测试长名字甲乙丙丁戊己庚辛壬癸目录层级前缀后缀填充数据归档条目测试长名字甲乙丙丁戊己庚辛壬癸目录层级前缀后缀填充数a	8090	2080	15618	9bceee5b	1
2	数据/02-数据归档条目测试长名字甲乙丙丁戊己庚辛壬癸目录层级前缀后缀填充数据归档条目测试长名字甲乙丙丁戊己庚辛壬癸目录层级前缀后缀填充数据归档条目测试长名字甲乙丙丁戊己庚辛壬癸目录层级前缀后缀填充数据归aa	10170	376	10151	33edf05f	1
3	数据/03-数据归档条目测试长名字甲乙丙丁戊己庚辛壬癸目录层级前缀后缀填充数据归档条目测试长名字甲乙丙丁戊己庚辛壬癸目录层级前缀后缀填充数据归档条目测试长名字甲乙丙丁戊己庚辛壬癸目录层级前缀后缀填充数据归档条目测试长名字甲乙丙丁戊己庚辛壬癸目录层级前缀后缀填充数据归档条目	10546	1424	9857	586ff1d4	1
4	数据/04-数据归档条目测试长名字甲乙丙丁戊己庚辛壬癸目录层级前缀后缀填充数据归档条目测试长名字甲乙丙丁戊己庚辛壬癸目录层级前缀后缀填充数据归档条目测试长名字甲乙丙丁戊己庚辛壬癸目录层级前缀后缀填充数据归档条目测试长名字甲乙丙丁戊己庚辛壬癸目录层级前缀后缀填充数据归档条目测试长名字甲乙丙丁戊己庚辛壬癸目录层级前缀后缀填充数据归档条目测试a	11970	38	11146	05081522	1
5	数据/05-数据归档条目测试长名字甲乙丙丁戊己庚辛壬癸目录层级前缀后缀填充数据归档条目测试长名字甲乙丙丁戊己庚辛壬癸目录层级前缀后缀填充数据归档条目测试长名字甲乙丙丁戊己庚辛壬癸目录层级前缀后缀填充数据归档条目测试长名字甲乙丙丁戊己庚辛壬癸目录层级前缀后缀填充数据归档条目测试长名字甲乙丙丁戊己庚辛壬癸目录层级前缀后缀填充数据归档条目测试长名字甲a	12008	31	6969	911f3f78	1
6	数据/06-数据归档条目测试长名字甲乙丙丁戊己庚辛壬癸目录层级前缀后缀填充数据归档条目测试长名字甲乙丙丁戊己庚辛壬癸目录层级前缀后缀填充数据归档条目测试长名字甲乙丙丁戊己庚辛壬癸目录层级前缀后缀填充数据归档条目测试长名字甲乙丙丁戊己庚辛壬癸目录层级前缀后缀填充数据归档条目测试长名字甲乙丙丁戊己庚辛壬癸目录层级前缀后缀填充数据归档条目测试长名字甲乙丙丁戊己庚辛壬癸目录层级前缀后缀填充数据归档条目测试长名aa	12039	43	16782	173cf54b	1
7	数据/07-数据归档条目测试长名字甲乙丙丁戊己庚辛壬癸目录层级前缀后缀填充数据归档条目测试长名字甲乙丙丁戊己庚辛壬癸目录层级前缀后缀填充数据归档条目测试长名字甲乙丙丁戊己庚辛壬癸目录层级前缀后缀填充数据归档条目测试长名字甲乙丙丁戊己庚辛壬癸目录层级前缀后缀填充数据归档条目测试长名字甲乙丙丁戊己庚辛壬癸目录层级前缀后缀填充数据归档条目测试长名字甲乙丙丁戊己庚辛壬癸目录层级前缀后缀填充数据归档条目测试长名字甲乙丙丁戊己庚辛壬癸目录层级前缀后缀填充数据归档条目测试长名字甲乙	12082	878	5587	cf142765	1
8	数据/08-数据归档条目测试长名字甲乙丙丁戊己庚辛壬癸目录层级前缀后缀填充数据归档条目测试长名字甲乙丙丁戊己庚辛壬癸目录层级前缀后缀填充数据归档条目测试长名字甲乙丙丁戊己庚辛壬癸目录层级前缀后缀填充数据归档条目测试长名字甲乙丙丁戊己庚辛壬癸目录层级前缀后缀填充数据归档条目测试长名字甲乙丙丁戊己庚辛壬癸目录层级前缀后缀填充数据归档条目测试长名字甲乙丙丁戊己庚辛壬癸目录层级前缀后缀填充数据归档条目测试长名字甲乙丙丁戊己庚辛壬癸目录层级前缀后缀填充数据归档条目测试长名字甲乙丙丁戊己庚辛壬癸目录层级前缀后缀填充数据归档条目测试长名字甲乙丙丁a	12960	1071	7187	44ae97b9	1
9	数据/09-数据归档条目测试长名字甲乙丙丁戊己庚辛壬癸目录层级前缀后缀填充数据归档条目测试长名字甲乙丙丁戊己庚辛壬癸目录层级前缀后缀填充数据归档条目测试长名字甲乙丙丁戊己庚辛壬癸目录层级前缀后缀填充数据归档条目测试长名字甲乙丙丁戊己庚辛壬癸目录层级前缀后缀填充数据归档条目测试长名字甲乙丙丁戊己庚辛壬癸目录层级前缀后缀填充数据归档条目测试长名字甲乙丙丁戊己庚辛壬癸目录层级前缀后缀填充数据归档条目测试长名字甲乙丙丁戊己庚辛壬癸目录层级前缀后缀填充数据归档条目测试长名字甲乙丙丁戊己庚辛壬癸目录层级前缀后缀填充数据归档条目测试长名字甲乙丙丁戊己庚辛壬癸目录层级前缀后缀填充数据归档条目测试长名字甲乙丙丁戊己aa	14031	42	15685	35bc024c	1
10	数据/10-数据归档条目测试长名字甲乙丙丁戊己庚辛壬癸目录层级前缀后缀填充数据归档条目测试长名字甲乙丙丁戊己庚辛壬癸目录层级前缀后缀填充数据归档条目测试长名字甲乙丙丁戊己庚辛壬癸目录层级前缀后缀填充数据归档条目测试长名字甲乙丙丁戊己庚辛壬癸目录层级前缀后缀填充数据归档条目测试长名字甲乙丙丁戊己庚辛壬癸目录层级前缀后缀填充数据归档条目测试长名字甲乙丙丁戊己庚辛壬癸目录层级前缀后缀填充数据归档条目测试长名字甲乙丙丁戊己庚辛壬癸目录层级前缀后缀填充数据归档条目测试长名字甲乙丙丁戊己庚辛壬癸目录层级前缀后缀填充数据归档条目测试长名字甲乙丙丁戊己庚辛壬癸目录层级前缀后缀填充数据归档条目测试长名字甲乙丙丁戊己庚辛壬癸目录层级前缀后缀填充数据归档条目测试长名字甲乙丙丁戊己庚辛壬	14073	574	3236	a703b6fa	1
11	数据/11-数据归档条目测试长名字甲乙丙丁戊己庚辛壬癸目录层级前缀后缀填充数据归档条目测试长名字甲乙丙丁戊己庚辛壬癸目录层级前缀后缀填充数据归档条目测试长名字甲乙丙丁戊己庚辛壬癸目录层级前缀后缀填充数据归档条目测试长名字甲乙丙丁戊己庚辛壬癸目录层级前缀后缀填充数据归档条目测试长名字甲乙丙丁戊己庚辛壬癸目录层级前缀后缀填充数据归档条目测试长名字甲乙丙丁戊己庚辛壬癸目录层级前缀后缀填充数据归档条目测试长名字甲乙丙丁戊己庚辛壬癸目录层级前缀后缀填充数据归档条目测试长名字甲乙丙丁戊己庚辛壬癸目录层级前缀后缀填充数据归档条目测试长名字甲乙丙丁戊己庚辛壬癸目录层级前缀后缀填充数据归档条目测试长名字甲乙丙丁戊己庚辛壬癸目录层级前缀后缀填充数据归档条目测试长名字甲乙丙丁戊己庚辛壬癸目录层级前缀后	14647	38	11402	baa58a48	1
