0	dir-00/sub-000/file-000.dat	20532	330	5166	32f56db9	1
1	dir-00/sub-001/file-001.dat	20862	936	6127	786164f6	1
2	dir-00/sub-002/file-002.dat	21798	1816	13137	8612ce08	1
3	dir-00/sub-003/file-003.dat	23614	328	4998	18263f80	1
4	dir-00/sub-004/file-004.dat	23942	316	1500	ff303f43	1
5	dir-00/sub-005/file-005.dat	24258	1067	7333	01eb2ec7	1
6	dir-00/sub-006/file-006.dat	25325	295	1500	d82f754a	1
7	dir-00/sub-007/file-007.dat	25620	377	1907	7cb1d03b	1
8	dir-00/sub-008/file-008.dat	25997	1038	7194	2f094ccf	1
9	dir-00/sub-009/file-009.dat	27035	321	4148	e84c88cc	1
10	dir-00/sub-010/file-010.dat	27356	302	1500	d294746b	1
11	dir-00/sub-011/file-011.dat	27658	751	4940	973a8248	1
12	dir-00/sub-012/file-012.dat	28409	302	2275	d6d53c88	1
13	dir-00/sub-013/file-013.dat	28711	412	2154	8d2a0d66	1
14	dir-00/sub-014/file-014.dat	29123	773	5031	1a57fc27	1
15	dir-00/sub-015/file-015.dat	29896	735	4414	d5925bb4	1
16	dir-00/sub-016/file-016.dat	30631	310	1500	dddb87a8	1
17	dir-00/sub-017/file-017.dat	30941	406	2125	a4a6fcc0	1
18	dir-00/sub-018/file-018.dat	31347	29	2845	8621fb44	1
19	dir-00/sub-019/file-019.dat	31376	1346	9449	978805f9	1
20	dir-00/sub-020/file-020.dat	32722	306	1500	0b34e45f	1
21	dir-00/sub-021/file-021.dat	33028	1164	7938	f81e1f58	1
22	dir-00/sub-022/file-022.dat	34192	1018	6698	c3f0bd83	1
23	dir-00/sub-023/file-023.dat	35210	660	3944	cba97ef1	1
24	dir-00/sub-024/file-024.dat	35870	32	4791	7f5cba00	1
25	dir-00/sub-025/file-025.dat	35902	694	4309	2486cb00	1
26	dir-00/sub-026/file-026.dat	36596	1264	8700	f553ea8f	1
27	dir-00/sub-027/file-027.dat	37860	309	2926	79c2a938	1
28	dir-00/sub-028/file-028.dat	38169	450	2555	3c4a004b	1
29	dir-00/sub-029/file-029.dat	38619	633	3944	229c7109	1
30	dir-00/sub-030/file-030.dat	39252	321	1500	6403498f	1
31	dir-00/sub-031/file-031.dat	39573	298	1500	eefe033f	1
32	dir-00/sub-032/file-032.dat	39871	1726	12172	5bfe9dce	1
33	dir-00/sub-033/file-033.dat	41597	33	6410	c70ef288	1
34	dir-00/sub-034/file-034.dat	41630	764	4835	9920336f	1
35	dir-00/sub-035/file-035.dat	42394	315	1500	cc4fe788	1
36	dir-00/sub-036/file-036.dat	42709	38	11677	c297ea3c	1
37	dir-00/sub-037/file-037.dat	42747	316	1500	cfbaf4bf	1
38	dir-00/sub-038/file-038.dat	43063	313	1500	d6e89eff	1
39	dir-00/sub-039/file-039.dat	43376	476	2771	d0d1b767	1
40	dir-00/sub-040/file-040.dat	43852	311	1500	d4d16fc1	1
41	dir-00/sub-041/file-041.dat	44163	1011	6624	a17ada04	1
42	dir-00/sub-042/file-042.dat	45174	32	5496	81f180da	1
43	dir-00/sub-043/file-043.dat	45206	608	3631	424f4cdf	1
44	dir-00/sub-044/file-044.dat	45814	304	1500	444e2ca4	1
45	dir-00/sub-045/file-045.dat	46118	295	1500	d82f754a	1
46	dir-00/sub-046/file-046.dat	46413	805	5220	8d5ad085	1
47	dir-00/sub-047/file-047.dat	47218	449	2547	eb01c97f	1
48	dir-00/sub-048/file-048.dat	47667	319	1500	e2c7d6e6	1
49	dir-00/sub-049/file-049.dat	47986	312	1500	d8852f12	1
50	dir-01/sub-050/file-050.dat	48298	1424	9786	91f32c36	1
51	dir-01/sub-051/file-051.dat	49722	293	1500	9864bd17	1
52	dir-01/sub-052/file-052.dat	50015	315	1500	528cdd2a	1
53	dir-01/sub-053/file-053.dat	50330	319	1500	42df9da4	1
54	dir-01/sub-054/file-054.dat	50649	295	1500	d82f754a	1
55	dir-01/sub-055/file-055.dat	50944	682	4264	9d3cc079	1
56	dir-01/sub-056/file-056.dat	51626	927	5897	4e6b91b7	1
57	dir-01/sub-057/file-057.dat	52553	34	7388	7b6b04f2	1
58	dir-01/sub-058/file-058.dat	52587	301	1500	12911c3a	1
59	dir-01/sub-059/file-059.dat	52888	517	2941	27a72e0e	1
60	dir-01/sub-060/file-060.dat	53405	31	3955	056de5de	1
61	dir-01/sub-061/file-061.dat	53436	826	5102	4c1377e8	1
62	dir-01/sub-062/file-062.dat	54262	1050	7089	1ee934ca	1
63	dir-01/sub-063/file-063.dat	55312	2183	81010	ca7d38db	2
64	dir-01/sub-064/file-064.dat	57495	427	2228	f94c8a08	1
65	dir-01/sub-065/file-065.dat	57922	579	3272	1f42403a	1
66	dir-01/sub-066/file-066.dat	58501	1207	8108	adcd7119	1
67	dir-01/sub-067/file-067.dat	59708	718	4425	8dbb3b75	1
68	dir-01/sub-068/file-068.dat	60426	660	4032	175af0d7	1
69	dir-01/sub-069/file-069.dat	61086	319	3970	e92c4aad	1
70	dir-01/sub-070/file-070.dat	61405	1122	7628	dd59e1c4	1
71	dir-01/sub-071/file-071.dat	62527	320	1500	fd2e3f5d	1
72	dir-01/sub-072/file-072.dat	62847	295	1500	d82f754a	1
73	dir-01/sub-073/file-073.dat	63142	1150	7506	95e83089	1
74	dir-01/sub-074/file-074.dat	64292	574	3297	f413414f	1
75	dir-01/sub-075/file-075.dat	64866	321	4364	9d3e32b6	1
76	dir-01/sub-076/file-076.dat	65187	301	1500	0d7d2b60	1
77	dir-01/sub-077/file-077.dat	65488	627	3741	3b2f2305	1
78	dir-01/sub-078/file-078.dat	66115	295	1500	d82f754a	1
79	dir-01/sub-079/file-079.dat	66410	9496	76185	e9af6e6d	2
80	dir-01/sub-080/file-080.dat	75906	957	6082	116b4b5f	1
81	dir-01/sub-081/file-081.dat	76863	1176	7875	73e5c025	1
82	dir-01/sub-082/file-082.dat	78039	310	1500	7d37ce90	1
83	dir-01/sub-083/file-083.dat	78349	1006	6664	1d915da2	1
84	dir-01/sub-084/file-084.dat	79355	29	3061	7152471a	1
85	dir-01/sub-085/file-085.dat	79384	307	1500	dcdc9960	1
86	dir-01/sub-086/file-086.dat	79691	521	2933	a6371197	1
87	dir-01/sub-087/file-087.dat	80212	826	5454	bd1e14a1	1
88	dir-01/sub-088/file-088.dat	81038	316	1500	89968f14	1
89	dir-01/sub-089/file-089.dat	81354	663	4053	c059dcec	1
90	dir-01/sub-090/file-090.dat	82017	333	5430	51ad30fd	1
91	dir-01/sub-091/file-091.dat	82350	1083	7196	74db7f51	1
92	dir-01/sub-092/file-092.dat	83433	310	1500	dd1602af	1
93	dir-01/sub-093/file-093.dat	83743	1242	8569	31d8bb57	1
94	dir-01/sub-094/file-094.dat	84985	314	1500	5a16e054	1
95	dir-01/sub-095/file-095.dat	85299	698	4444	facdf4ed	1
96	dir-01/sub-096/file-096.dat	85997	345	1774	2cbe82c5	1
97	dir-01/sub-097/file-097.dat	86342	744	4722	734bd7c4	1
98	dir-01/sub-098/file-098.dat	87086	961	6331	f4109750	1
99	dir-01/sub-099/file-099.dat	88047	364	8978	4d76f7c3	1
100	dir-02/sub-100/file-100.dat	88411	1666	12185	1d92399f	1
101	dir-02/sub-101/file-101.dat	90077	547	3139	f6425158	1
102	dir-02/sub-102/file-102.dat	90624	333	5567	4b42a5d5	1
103	dir-02/sub-103/file-103.dat	90957	689	4393	659ef381	1
104	dir-02/sub-104/file-104.dat	91646	645	3724	160b7182	1
105	dir-02/sub-105/file-105.dat	92291	24	1500	6f246cbf	1
106	dir-02/sub-106/file-106.dat	92315	1111	7406	fea166e8	1
107	dir-02/sub-107/file-107.dat	93426	951	6309	8e356187	1
108	dir-02/sub-108/file-108.dat	94377	27	1946	86153283	1
109	dir-02/sub-109/file-109.dat	94404	622	3631	f49b5724	1
110	dir-02/sub-110/file-110.dat	95026	496	2845	7263525e	1
111	dir-02/sub-111/file-111.dat	95522	560	3275	6cf4a64d	1
112	dir-02/sub-112/file-112.dat	96082	654	3933	9d496b3e	1
113	dir-02/sub-113/file-113.dat	96736	1504	10600	a9cd7ef9	1
114	dir-02/sub-114/file-114.dat	98240	32	5548	36c30406	1
115	dir-02/sub-115/file-115.dat	98272	615	3578	b5442ab6	1
116	dir-02/sub-116/file-116.dat	98887	797	4950	ac8a1a67	1
117	dir-02/sub-117/file-117.dat	99684	24	1500	6f246cbf	1
118	dir-02/sub-118/file-118.dat	99708	316	1500	0ff22b52	1
119	dir-02/sub-119/file-119.dat	100024	985	6549	abf05c76	1
120	dir-02/sub-120/file-120.dat	101009	32	5086	c5c84f6b	1
121	dir-02/sub-121/file-121.dat	101041	828	5259	e1f146e6	1
122	dir-02/sub-122/file-122.dat	101869	897	5628	8165ccb2	1
123	dir-02/sub-123/file-123.dat	102766	32	6170	4ff24491	1
124	dir-02/sub-124/file-124.dat	102798	298	1500	f93fc147	1
125	dir-02/sub-125/file-125.dat	103096	327	1500	d2bcee14	1
126	dir-02/sub-126/file-126.dat	103423	36	9224	9ff6eb33	1
127	dir-02/sub-127/file-127.dat	103459	519	2863	afa0cacd	1
128	dir-02/sub-128/file-128.dat	103978	583	3577	b212ce4c	1
129	dir-02/sub-129/file-129.dat	104561	318	1500	b2ea041f	1
130	dir-02/sub-130/file-130.dat	104879	329	1500	5e984934	1
131	dir-02/sub-131/file-131.dat	105208	752	4722	aa04fa7d	1
132	dir-02/sub-132/file-132.dat	105960	719	4541	a1773794	1
133	dir-02/sub-133/file-133.dat	106679	300	1500	2b6eea2b	1
134	dir-02/sub-134/file-134.dat	106979	436	2412	5b49e31d	1
135	dir-02/sub-135/file-135.dat	107415	315	1500	6a26612e	1
136	dir-02/sub-136/file-136.dat	107730	1280	8935	c9ba2903	1
137	dir-02/sub-137/file-137.dat	109010	833	5290	293adafc	1
138	dir-02/sub-138/file-138.dat	109843	24	1500	6f246cbf	1
139	dir-02/sub-139/file-139.dat	109867	1285	8939	209d9d1a	1
140	dir-02/sub-140/file-140.dat	111152	936	6282	014a79ec	1
141	dir-02/sub-141/file-141.dat	112088	328	5084	0b344259	1
142	dir-02/sub-142/file-142.dat	112416	312	1500	6070f0f4	1
143	dir-02/sub-143/file-143.dat	112728	1015	6674	30b125c6	1
144	dir-02/sub-144/file-144.dat	113743	324	4587	b8dda1e7	1
145	dir-02/sub-145/file-145.dat	114067	1196	8106	e26815bf	1
146	dir-02/sub-146/file-146.dat	115263	720	4479	30b847f3	1
147	dir-02/sub-147/file-147.dat	115983	1045	7184	0bc49720	1
148	dir-02/sub-148/file-148.dat	117028	1090	7663	f0a599cd	1
149	dir-02/sub-149/file-149.dat	118118	638	3921	ad312fa7	1
150	dir-03/sub-150/file-150.dat	118756	24	1500	6f246cbf	1
151	dir-03/sub-151/file-151.dat	118780	957	6407	410ca57e	1
152	dir-03/sub-152/file-152.dat	119737	319	1500	3b1d6357	1
153	dir-03/sub-153/file-153.dat	120056	324	4561	3631aaec	1
154	dir-03/sub-154/file-154.dat	120380	1291	8965	d5ae4d6b	1
155	dir-03/sub-155/file-155.dat	121671	587	3251	2bca0139	1
156	dir-03/sub-156/file-156.dat	122258	312	3352	1f28cd1a	1
157	dir-03/sub-157/file-157.dat	122570	297	1500	18aeaddf	1
158	dir-03/sub-158/file-158.dat	122867	637	3901	a3f6f765	1
159	dir-03/sub-159/file-159.dat	123504	9416	75324	f9f7b7ca	2
160	dir-03/sub-160/file-160.dat	132920	973	6476	9bc8b693	1
161	dir-03/sub-161/file-161.dat	133893	315	1500	aa3c4c95	1
162	dir-03/sub-162/file-162.dat	134208	31	4664	061c53f4	1
163	dir-03/sub-163/file-163.dat	134239	314	1500	e8a48024	1
164	dir-03/sub-164/file-164.dat	134553	10593	84527	7c6731a9	2
165	dir-03/sub-165/file-165.dat	145146	314	3446	fe59724b	1
166	dir-03/sub-166/file-166.dat	145460	385	1928	685c4bc9	1
167	dir-03/sub-167/file-167.dat	145845	445	2429	f6595573	1
168	dir-03/sub-168/file-168.dat	146290	295	1500	d82f754a	1
169	dir-03/sub-169/file-169.dat	146585	427	2194	fe08702d	1
170	dir-03/sub-170/file-170.dat	147012	1581	11067	bd244474	1
171	dir-03/sub-171/file-171.dat	148593	340	6404	f2431b79	1
172	dir-03/sub-172/file-172.dat	148933	534	2991	fa144f3a	1
173	dir-03/sub-173/file-173.dat	149467	674	4214	e321d1ed	1
174	dir-03/sub-174/file-174.dat	150141	295	1500	d82f754a	1
175	dir-03/sub-175/file-175.dat	150436	1522	10989	3317cbd3	1
176	dir-03/sub-176/file-176.dat	151958	319	1500	c82ae984	1
177	dir-03/sub-177/file-177.dat	152277	295	1500	d82f754a	1
178	dir-03/sub-178/file-178.dat	152572	573	3422	fd92c5b7	1
179	dir-03/sub-179/file-179.dat	153145	1134	7703	579817eb	1
180	dir-03/sub-180/file-180.dat	154279	36	9555	3abfe43c	1
181	dir-03/sub-181/file-181.dat	154315	314	1500	1c55c9c2	1
182	dir-03/sub-182/file-182.dat	154629	1764	12742	d19fb355	1
183	dir-03/sub-183/file-183.dat	156393	316	3634	e777d166	1
184	dir-03/sub-184/file-184.dat	156709	1323	9314	9e126efa	1
185	dir-03/sub-185/file-185.dat	158032	873	5635	57ae8acc	1
186	dir-03/sub-186/file-186.dat	158905	24	1500	6f246cbf	1
187	dir-03/sub-187/file-187.dat	158929	312	1500	44274ab8	1
188	dir-03/sub-188/file-188.dat	159241	312	1500	4c854aae	1
189	dir-03/sub-189/file-189.dat	159553	307	2811	03da9f79	1
190	dir-03/sub-190/file-190.dat	159860	904	5832	0a9daa68	1
191	dir-03/sub-191/file-191.dat	160764	578	3443	98fac921	1
192	dir-03/sub-192/file-192.dat	161342	366	9257	2b0f9e04	1
193	dir-03/sub-193/file-193.dat	161708	1183	8138	86066702	1
194	dir-03/sub-194/file-194.dat	162891	787	4980	dfcb9a79	1
195	dir-03/sub-195/file-195.dat	163678	295	1500	d82f754a	1
196	dir-03/sub-196/file-196.dat	163973	456	2591	40915773	1
197	dir-03/sub-197/file-197.dat	164429	951	6150	72297cf5	1
198	dir-03/sub-198/file-198.dat	165380	24	1500	6f246cbf	1
199	dir-03/sub-199/file-199.dat	165404	9011	71854	ec9c8a89	2
200	dir-04/sub-200/file-200.dat	174415	322	1500	a5131c43	1
201	dir-04/sub-201/file-201.dat	174737	302	2199	633b39a3	1
202	dir-04/sub-202/file-202.dat	175039	648	3886	fbb4d6cf	1
203	dir-04/sub-203/file-203.dat	175687	381	1929	7f93a200	1
204	dir-04/sub-204/file-204.dat	176068	306	1500	ae244616	1
205	dir-04/sub-205/file-205.dat	176374	305	1500	c1603859	1
206	dir-04/sub-206/file-206.dat	176679	942	6087	dda5ca0c	1
207	dir-04/sub-207/file-207.dat	177621	312	1500	15462586	1
208	dir-04/sub-208/file-208.dat	177933	1045	7038	67dfe905	1
209	dir-04/sub-209/file-209.dat	178978	815	5305	151d3e48	1
210	dir-04/sub-210/file-210.dat	179793	314	3493	11245f87	1
211	dir-04/sub-211/file-211.dat	180107	318	1500	92129510	1
212	dir-04/sub-212/file-212.dat	180425	1343	9557	e13c4de2	1
213	dir-04/sub-213/file-213.dat	181768	788	4998	988ed4ce	1
214	dir-04/sub-214/file-214.dat	182556	1645	11805	d4d259c5	1
215	dir-04/sub-215/file-215.dat	184201	324	1500	008a1789	1
216	dir-04/sub-216/file-216.dat	184525	8386	75605	e961117e	2
217	dir-04/sub-217/file-217.dat	192911	588	3461	40abf10d	1
218	dir-04/sub-218/file-218.dat	193499	10096	80634	b5a325a5	2
219	dir-04/sub-219/file-219.dat	203595	32	5559	4831bea2	1
220	dir-04/sub-220/file-220.dat	203627	316	1500	1c2a8897	1
221	dir-04/sub-221/file-221.dat	203943	602	3741	2cb76319	1
222	dir-04/sub-222/file-222.dat	204545	295	1500	d82f754a	1
223	dir-04/sub-223/file-223.dat	204840	329	1661	562db5c3	1
224	dir-04/sub-224/file-224.dat	205169	859	5546	c95b63bd	1
225	dir-04/sub-225/file-225.dat	206028	860	5411	c90a4a98	1
226	dir-04/sub-226/file-226.dat	206888	318	1500	1dfb8a52	1
227	dir-04/sub-227/file-227.dat	207206	618	3601	6268b2ee	1
228	dir-04/sub-228/file-228.dat	207824	339	1645	21c9e10f	1
229	dir-04/sub-229/file-229.dat	208163	315	1500	3935337f	1
230	dir-04/sub-230/file-230.dat	208478	324	1500	9faf8aa3	1
231	dir-04/sub-231/file-231.dat	208802	321	4250	59027ff2	1
232	dir-04/sub-232/file-232.dat	209123	400	2175	2724ac2c	1
233	dir-04/sub-233/file-233.dat	209523	1179	8067	11ead7b5	1
234	dir-04/sub-234/file-234.dat	210702	295	1500	d82f754a	1
235	dir-04/sub-235/file-235.dat	210997	1365	9819	6d03fdab	1
236	dir-04/sub-236/file-236.dat	212362	361	1741	722c15cb	1
237	dir-04/sub-237/file-237.dat	212723	385	11152	56bc265d	1
238	dir-04/sub-238/file-238.dat	213108	317	1500	c1213185	1
239	dir-04/sub-239/file-239.dat	213425	482	2733	46480ccf	1
240	dir-04/sub-240/file-240.dat	213907	338	6019	07c88960	1
241	dir-04/sub-241/file-241.dat	214245	308	1500	70a3c76e	1
242	dir-04/sub-242/file-242.dat	214553	878	5774	ed594d71	1
243	dir-04/sub-243/file-243.dat	215431	366	1795	84a6cd22	1
244	dir-04/sub-244/file-244.dat	215797	878	5428	fca4e219	1
245	dir-04/sub-245/file-245.dat	216675	730	4435	960be2a5	1
246	dir-04/sub-246/file-246.dat	217405	820	5344	65561998	1
247	dir-04/sub-247/file-247.dat	218225	665	3950	c60702b5	1
248	dir-04/sub-248/file-248.dat	218890	358	1829	05762d31	1
249	dir-04/sub-249/file-249.dat	219248	24	1500	6f246cbf	1
250	dir-05/sub-250/file-250.dat	219272	504	2971	6a940339	1
251	dir-05/sub-251/file-251.dat	219776	313	1500	8449ff59	1
252	dir-05/sub-252/file-252.dat	220089	295	1500	d82f754a	1
253	dir-05/sub-253/file-253.dat	220384	302	1500	6ae0cb6e	1
254	dir-05/sub-254/file-254.dat	220686	530	3015	74c48583	1
255	dir-05/sub-255/file-255.dat	221216	40	13078	91bfd608	1
256	dir-05/sub-256/file-256.dat	221256	787	4734	5c2752ff	1
257	dir-05/sub-257/file-257.dat	222043	527	3129	b3ebda9a	1
258	dir-05/sub-258/file-258.dat	222570	33	7470	dd454c14	1
259	dir-05/sub-259/file-259.dat	222603	776	4972	ad60e9e5	1
260	dir-05/sub-260/file-260.dat	223379	1340	9323	2dad2a46	1
261	dir-05/sub-261/file-261.dat	224719	32	5254	edbd328a	1
262	dir-05/sub-262/file-262.dat	224751	312	1500	4e37da1e	1
263	dir-05/sub-263/file-263.dat	225063	754	4501	a250a95d	1
264	dir-05/sub-264/file-264.dat	225817	761	4715	edae579f	1
265	dir-05/sub-265/file-265.dat	226578	316	1500	1303b066	1
266	dir-05/sub-266/file-266.dat	226894	590	3452	9b7a9d71	1
267	dir-05/sub-267/file-267.dat	227484	333	5510	e8d4f5ae	1
268	dir-05/sub-268/file-268.dat	227817	311	1500	bc1b7c5c	1
269	dir-05/sub-269/file-269.dat	228128	1197	8112	ab87cf5c	1
270	dir-05/sub-270/file-270.dat	229325	949	6176	0c9b4425	1
271	dir-05/sub-271/file-271.dat	230274	310	1500	a3d673c2	1
272	dir-05/sub-272/file-272.dat	230584	458	2422	c9f965c2	1
273	dir-05/sub-273/file-273.dat	231042	331	5296	1ee36b52	1
274	dir-05/sub-274/file-274.dat	231373	701	4344	409b5977	1
275	dir-05/sub-275/file-275.dat	232074	1553	11119	4d53e55c	1
276	dir-05/sub-276/file-276.dat	233627	295	1500	d82f754a	1
277	dir-05/sub-277/file-277.dat	233922	458	2592	2a0dba19	1
278	dir-05/sub-278/file-278.dat	234380	849	5359	5b37da9a	1
279	dir-05/sub-279/file-279.dat	235229	331	5328	f9ec4289	1
280	dir-05/sub-280/file-280.dat	235560	317	1500	dc9c068e	1
281	dir-05/sub-281/file-281.dat	235877	767	4589	b4a7844b	1
282	dir-05/sub-282/file-282.dat	236644	32	5462	575ffa79	1
283	dir-05/sub-283/file-283.dat	236676	1205	8416	93750411	1
284	dir-05/sub-284/file-284.dat	237881	325	1500	72447c15	1
285	dir-05/sub-285/file-285.dat	238206	295	1500	d82f754a	1
286	dir-05/sub-286/file-286.dat	238501	320	1500	75104dc2	1
287	dir-05/sub-287/file-287.dat	238821	337	1500	0cee7bd3	1
288	dir-05/sub-288/file-288.dat	239158	317	3765	6c22d3fc	1
289	dir-05/sub-289/file-289.dat	239475	1476	10110	f977fbae	1
290	dir-05/sub-290/file-290.dat	240951	304	1500	d9d2c02d	1
291	dir-05/sub-291/file-291.dat	241255	380	10609	0af9a9c8	1
292	dir-05/sub-292/file-292.dat	241635	596	3494	bd7eff89	1
293	dir-05/sub-293/file-293.dat	242231	316	1500	96d9b120	1
294	dir-05/sub-294/file-294.dat	242547	30	3143	8f86bddd	1
295	dir-05/sub-295/file-295.dat	242577	720	4532	6f7a45f9	1
296	dir-05/sub-296/file-296.dat	243297	863	5604	85bc57db	1
297	dir-05/sub-297/file-297.dat	244160	328	5062	69f1b96d	1
298	dir-05/sub-298/file-298.dat	244488	325	1500	962c791b	1
299	dir-05/sub-299/file-299.dat	244813	326	1500	ad68ef80	1
300	dir-06/sub-300/file-300.dat	245139	33	6779	159c9dbd	1
301	dir-06/sub-301/file-301.dat	245172	1290	9141	c890197b	1
302	dir-06/sub-302/file-302.dat	246462	307	1500	8ad7effd	1
303	dir-06/sub-303/file-303.dat	246769	31	4161	6782f03b	1
304	dir-06/sub-304/file-304.dat	246800	546	3099	36ca341e	1
305	dir-06/sub-305/file-305.dat	247346	359	1791	66a58b49	1
306	dir-06/sub-306/file-306.dat	247705	339	1713	1f57ef70	1
307	dir-06/sub-307/file-307.dat	248044	518	2856	4c1acd7b	1
308	dir-06/sub-308/file-308.dat	248562	1205	8357	9b4380f4	1
309	dir-06/sub-309/file-309.dat	249767	302	2070	1c54ba57	1
310	dir-06/sub-310/file-310.dat	250069	934	5998	c95ff4a0	1
311	dir-06/sub-311/file-311.dat	251003	1052	7059	9abc7275	1
312	dir-06/sub-312/file-312.dat	252055	295	1500	d82f754a	1
313	dir-06/sub-313/file-313.dat	252350	1163	7952	95d72872	1
314	dir-06/sub-314/file-314.dat	253513	303	1500	16ca1933	1
315	dir-06/sub-315/file-315.dat	253816	392	12200	38f51cdd	1
316	dir-06/sub-316/file-316.dat	254208	850	5616	5b7a0cdc	1
317	dir-06/sub-317/file-317.dat	255058	302	1500	4b57810c	1
318	dir-06/sub-318/file-318.dat	255360	295	1500	d82f754a	1
319	dir-06/sub-319/file-319.dat	255655	631	3820	50d8d858	1
320	dir-06/sub-320/file-320.dat	256286	1120	7397	52b289e7	1
321	dir-06/sub-321/file-321.dat	257406	358	1885	353c5fd3	1
322	dir-06/sub-322/file-322.dat	257764	644	3984	14ffa3dd	1
323	dir-06/sub-323/file-323.dat	258408	539	3131	47e5ea80	1
324	dir-06/sub-324/file-324.dat	258947	628	78405	797b986d	2
325	dir-06/sub-325/file-325.dat	259575	1158	7639	928e91b1	1
326	dir-06/sub-326/file-326.dat	260733	1075	7369	45d85fc5	1
327	dir-06/sub-327/file-327.dat	261808	24	1500	6f246cbf	1
328	dir-06/sub-328/file-328.dat	261832	753	4781	a162875a	1
329	dir-06/sub-329/file-329.dat	262585	619	3813	e4c72e7b	1
330	dir-06/sub-330/file-330.dat	263204	37	10208	7feaf330	1
331	dir-06/sub-331/file-331.dat	263241	649	3967	09432546	1
332	dir-06/sub-332/file-332.dat	263890	314	1500	6c42b36b	1
333	dir-06/sub-333/file-333.dat	264204	1052	7024	6b72c0e1	1
334	dir-06/sub-334/file-334.dat	265256	1060	7125	89fdbda4	1
335	dir-06/sub-335/file-335.dat	266316	10499	83671	523dfb6c	2
336	dir-06/sub-336/file-336.dat	276815	295	1500	d82f754a	1
337	dir-06/sub-337/file-337.dat	277110	1082	7428	c53daba7	1
338	dir-06/sub-338/file-338.dat	278192	305	1500	da06b8c9	1
339	dir-06/sub-339/file-339.dat	278497	544	3130	c0a8222a	1
340	dir-06/sub-340/file-340.dat	279041	1113	7488	b83e3f90	1
341	dir-06/sub-341/file-341.dat	280154	873	5826	6eff9046	1
342	dir-06/sub-342/file-342.dat	281027	295	1500	d82f754a	1
343	dir-06/sub-343/file-343.dat	281322	557	3149	78c4da70	1
344	dir-06/sub-344/file-344.dat	281879	498	2881	ef580faf	1
345	dir-06/sub-345/file-345.dat	282377	31	4719	9cb0295c	1
346	dir-06/sub-346/file-346.dat	282408	564	3205	fdbdaa67	1
347	dir-06/sub-347/file-347.dat	282972	324	1533	23bc987e	1
348	dir-06/sub-348/file-348.dat	283296	325	1500	b26cf036	1
349	dir-06/sub-349/file-349.dat	283621	674	4051	4d89faca	1
350	dir-07/sub-350/file-350.dat	284295	535	3062	52119070	1
351	dir-07/sub-351/file-351.dat	284830	302	2154	48e457fe	1
352	dir-07/sub-352/file-352.dat	285132	543	3156	918e89eb	1
353	dir-07/sub-353/file-353.dat	285675	710	4236	dd9411e7	1
354	dir-07/sub-354/file-354.dat	286385	30	2888	e9a1f94c	1
355	dir-07/sub-355/file-355.dat	286415	722	4428	29ea4f52	1
356	dir-07/sub-356/file-356.dat	287137	654	4028	4fbb52b1	1
357	dir-07/sub-357/file-357.dat	287791	24	1500	6f246cbf	1
358	dir-07/sub-358/file-358.dat	287815	347	1729	926365a7	1
359	dir-07/sub-359/file-359.dat	288162	331	1708	3ea04c16	1
360	dir-07/sub-360/file-360.dat	288493	295	1500	d82f754a	1
361	dir-07/sub-361/file-361.dat	288788	312	1500	6ec31d53	1
362	dir-07/sub-362/file-362.dat	289100	319	1500	1cd0bd5b	1
363	dir-07/sub-363/file-363.dat	289419	309	1500	78bb89a9	1
364	dir-07/sub-364/file-364.dat	289728	410	2223	6c1c5189	1
365	dir-07/sub-365/file-365.dat	290138	310	1500	12d2db40	1
366	dir-07/sub-366/file-366.dat	290448	24	1500	6f246cbf	1
367	dir-07/sub-367/file-367.dat	290472	309	1500	7df6468f	1
368	dir-07/sub-368/file-368.dat	290781	872	5742	33f14c32	1
369	dir-07/sub-369/file-369.dat	291653	328	5064	bb974217	1
370	dir-07/sub-370/file-370.dat	291981	597	3648	c9b57dd7	1
371	dir-07/sub-371/file-371.dat	292578	9069	72173	342fab13	2
372	dir-07/sub-372/file-372.dat	301647	328	4931	d788d1a9	1
373	dir-07/sub-373/file-373.dat	301975	1038	6992	986c9fbf	1
374	dir-07/sub-374/file-374.dat	303013	321	1578	dbbf431b	1
375	dir-07/sub-375/file-375.dat	303334	314	3420	04f923b3	1
376	dir-07/sub-376/file-376.dat	303648	769	4918	ce7956db	1
377	dir-07/sub-377/file-377.dat	304417	918	6051	573130df	1
378	dir-07/sub-378/file-378.dat	305335	347	7185	cce61b31	1
379	dir-07/sub-379/file-379.dat	305682	297	1500	5877e47a	1
380	dir-07/sub-380/file-380.dat	305979	1159	7877	4a9bfb3e	1
381	dir-07/sub-381/file-381.dat	307138	314	1500	a6ffe756	1
382	dir-07/sub-382/file-382.dat	307452	313	1500	f803d6a8	1
383	dir-07/sub-383/file-383.dat	307765	929	6151	a113c98b	1
384	dir-07/sub-384/file-384.dat	308694	485	2755	5bcbab38	1
385	dir-07/sub-385/file-385.dat	309179	392	2095	582905be	1
386	dir-07/sub-386/file-386.dat	309571	757	4615	10eb3ac7	1
387	dir-07/sub-387/file-387.dat	310328	316	3708	f49f3e16	1
388	dir-07/sub-388/file-388.dat	310644	595	3463	5f00f327	1
389	dir-07/sub-389/file-389.dat	311239	321	1500	6da9b94e	1
390	dir-07/sub-390/file-390.dat	311560	317	1500	fbbef1e5	1
391	dir-07/sub-391/file-391.dat	311877	326	1500	454159f0	1
392	dir-07/sub-392/file-392.dat	312203	938	6235	125b0002	1
393	dir-07/sub-393/file-393.dat	313141	295	1500	d82f754a	1
394	dir-07/sub-394/file-394.dat	313436	316	1500	c6c25e8e	1
395	dir-07/sub-395/file-395.dat	313752	306	1500	5cd641a7	1
396	dir-07/sub-396/file-396.dat	314058	343	6675	baee8315	1
397	dir-07/sub-397/file-397.dat	314401	786	4864	b4792c8c	1
398	dir-07/sub-398/file-398.dat	315187	656	3865	09418eae	1
399	dir-07/sub-399/file-399.dat	315843	814	5094	57931e30	1
400	dir-08/sub-400/file-400.dat	316657	310	1505	3fc781bc	1
401	dir-08/sub-401/file-401.dat	316967	689	4097	56e44568	1
402	dir-08/sub-402/file-402.dat	317656	324	4601	d32aeb97	1
403	dir-08/sub-403/file-403.dat	317980	835	5529	2fd13698	1
404	dir-08/sub-404/file-404.dat	318815	651	3843	2762daac	1
405	dir-08/sub-405/file-405.dat	319466	819	5256	c4920a3a	1
406	dir-08/sub-406/file-406.dat	320285	314	1500	f40c6f85	1
407	dir-08/sub-407/file-407.dat	320599	733	4740	858bdb24	1
408	dir-08/sub-408/file-408.dat	321332	314	3585	62853387	1
409	dir-08/sub-409/file-409.dat	321646	343	1708	4ed68663	1
410	dir-08/sub-410/file-410.dat	321989	1302	8952	f8f276c3	1
411	dir-08/sub-411/file-411.dat	323291	24	1500	6f246cbf	1
412	dir-08/sub-412/file-412.dat	323315	307	1500	bd1013e7	1
413	dir-08/sub-413/file-413.dat	323622	657	4004	0e764789	1
414	dir-08/sub-414/file-414.dat	324279	333	5455	8a3f6bdd	1
415	dir-08/sub-415/file-415.dat	324612	387	2037	4028307d	1
416	dir-08/sub-416/file-416.dat	324999	982	6584	da885289	1
417	dir-08/sub-417/file-417.dat	325981	335	5749	60a43b1e	1
418	dir-08/sub-418/file-418.dat	326316	1718	12508	4ba3519a	1
419	dir-08/sub-419/file-419.dat	328034	824	5276	569ff014	1
420	dir-08/sub-420/file-420.dat	328858	1009	6584	d1b635c4	1
421	dir-08/sub-421/file-421.dat	329867	372	1898	e33993aa	1
422	dir-08/sub-422/file-422.dat	330239	1305	8725	10b95a34	1
423	dir-08/sub-423/file-423.dat	331544	342	6467	edbc5cea	1
424	dir-08/sub-424/file-424.dat	331886	772	4856	450cc586	1
425	dir-08/sub-425/file-425.dat	332658	778	4854	3fc1c2ec	1
426	dir-08/sub-426/file-426.dat	333436	526	2990	6f68deac	1
427	dir-08/sub-427/file-427.dat	333962	479	2540	c2251d78	1
428	dir-08/sub-428/file-428.dat	334441	325	1500	dcb145b5	1
429	dir-08/sub-429/file-429.dat	334766	29	2351	93b45f54	1
430	dir-08/sub-430/file-430.dat	334795	789	4997	1f21f14d	1
431	dir-08/sub-431/file-431.dat	335584	934	6118	d9279b77	1
432	dir-08/sub-432/file-432.dat	336518	297	1578	f75932b7	1
433	dir-08/sub-433/file-433.dat	336815	756	4736	36ee6036	1
434	dir-08/sub-434/file-434.dat	337571	295	1500	34a52a6c	1
435	dir-08/sub-435/file-435.dat	337866	24	1500	6f246cbf	1
436	dir-08/sub-436/file-436.dat	337890	315	1500	5d7af54f	1
437	dir-08/sub-437/file-437.dat	338205	311	1500	7100715f	1
438	dir-08/sub-438/file-438.dat	338516	326	4748	09fbd52b	1
439	dir-08/sub-439/file-439.dat	338842	647	3939	90bbfc25	1
440	dir-08/sub-440/file-440.dat	339489	306	1500	933e9ccc	1
441	dir-08/sub-441/file-441.dat	339795	309	2905	43292296	1
442	dir-08/sub-442/file-442.dat	340104	644	3731	c583d944	1
443	dir-08/sub-443/file-443.dat	340748	779	4939	0e354e6d	1
444	dir-08/sub-444/file-444.dat	341527	347	7154	258c516f	1
445	dir-08/sub-445/file-445.dat	341874	624	3686	35ede165	1
446	dir-08/sub-446/file-446.dat	342498	731	4511	73c98042	1
447	dir-08/sub-447/file-447.dat	343229	30	3241	84af6452	1
448	dir-08/sub-448/file-448.dat	343259	1107	7621	033a8446	1
449	dir-08/sub-449/file-449.dat	344366	474	2574	73c0643f	1
450	dir-09/sub-450/file-450.dat	344840	316	3729	5bcbe6db	1
451	dir-09/sub-451/file-451.dat	345156	322	1500	4121bad1	1
452	dir-09/sub-452/file-452.dat	345478	309	1500	571e7fd6	1
453	dir-09/sub-453/file-453.dat	345787	25	1593	7de6cfb1	1
454	dir-09/sub-454/file-454.dat	345812	714	4328	ae8e89ff	1
455	dir-09/sub-455/file-455.dat	346526	1343	9468	7999c35e	1
456	dir-09/sub-456/file-456.dat	347869	306	1500	57c151e8	1
457	dir-09/sub-457/file-457.dat	348175	868	5697	f79e93bf	1
458	dir-09/sub-458/file-458.dat	349043	619	3687	7313e11c	1
459	dir-09/sub-459/file-459.dat	349662	326	4740	d75d0b63	1
460	dir-09/sub-460/file-460.dat	349988	745	4618	695faa81	1
461	dir-09/sub-461/file-461.dat	350733	303	1500	b12a18e7	1
462	dir-09/sub-462/file-462.dat	351036	333	5530	83e3f223	1
463	dir-09/sub-463/file-463.dat	351369	882	5850	4efe824c	1
464	dir-09/sub-464/file-464.dat	352251	1002	6524	69356de4	1
465	dir-09/sub-465/file-465.dat	353253	295	1500	d82f754a	1
466	dir-09/sub-466/file-466.dat	353548	701	4089	b5fa94c7	1
467	dir-09/sub-467/file-467.dat	354249	346	1784	55931089	1
468	dir-09/sub-468/file-468.dat	354595	366	9210	9e043ee7	1
469	dir-09/sub-469/file-469.dat	354961	1663	11889	d184def7	1
470	dir-09/sub-470/file-470.dat	356624	301	1500	969e2022	1
471	dir-09/sub-471/file-471.dat	356925	432	2264	313a204d	1
472	dir-09/sub-472/file-472.dat	357357	304	1500	40b2d42b	1
473	dir-09/sub-473/file-473.dat	357661	758	4852	5be5c42d	1
474	dir-09/sub-474/file-474.dat	358419	24	1500	6f246cbf	1
475	dir-09/sub-475/file-475.dat	358443	702	4437	6f0b97e1	1
476	dir-09/sub-476/file-476.dat	359145	848	5152	04ed2f07	1
477	dir-09/sub-477/file-477.dat	359993	35	8084	0e70e7ae	1
478	dir-09/sub-478/file-478.dat	360028	1028	6768	98be2a13	1
479	dir-09/sub-479/file-479.dat	361056	1150	7912	53c9645a	1
480	dir-09/sub-480/file-480.dat	362206	27	1985	f2fb995c	1
481	dir-09/sub-481/file-481.dat	362233	305	1500	1cb337cb	1
482	dir-09/sub-482/file-482.dat	362538	807	4981	b41007b7	1
483	dir-09/sub-483/file-483.dat	363345	35	8597	b6e76610	1
484	dir-09/sub-484/file-484.dat	363380	923	6056	23a5b5b9	1
485	dir-09/sub-485/file-485.dat	364303	700	4347	3e57022d	1
486	dir-09/sub-486/file-486.dat	365003	32	4835	15e35626	1
487	dir-09/sub-487/file-487.dat	365035	304	1500	e339a8c8	1
488	dir-09/sub-488/file-488.dat	365339	323	1500	70c54d27	1
489	dir-09/sub-489/file-489.dat	365662	319	1500	c82258a4	1
490	dir-09/sub-490/file-490.dat	365981	320	1500	ea687a3b	1
491	dir-09/sub-491/file-491.dat	366301	324	1500	4586f57b	1
492	dir-09/sub-492/file-492.dat	366625	295	1500	d82f754a	1
493	dir-09/sub-493/file-493.dat	366920	853	5573	a3b1596b	1
494	dir-09/sub-494/file-494.dat	367773	671	4066	4e800c31	1
495	dir-09/sub-495/file-495.dat	368444	26	1790	1d9f8374	1
496	dir-09/sub-496/file-496.dat	368470	785	4807	20e92890	1
497	dir-09/sub-497/file-497.dat	369255	322	1500	c252bf7a	1
498	dir-09/sub-498/file-498.dat	369577	34	7944	02cb0fc8	1
499	dir-09/sub-499/file-499.dat	369611	700	4218	b082d16f	1
